{"count":1,"self":8441.8715648,"total":30997.9544269,"children":{"AgentSendState":{"count":319214,"self":698.3289856,"total":3899.2780706999997,"children":{"CollectObservations":{"count":63842800,"self":752.3830272,"total":752.3830203,"children":null},"CollectDiscreteActionMasks":{"count":63842800,"self":66.698956799999991,"total":66.6989597,"children":null},"AgentInfo.ToProto":{"count":63842800,"self":217.6580608,"total":2381.8670954,"children":{"GenerateSensorData":{"count":63842800,"self":2164.2090496,"total":2164.209023,"children":null}}}}},"DecideAction":{"count":319214,"self":18424.0570368,"total":18424.0566339,"children":null},"AgentAct":{"count":319214,"self":174.4601856,"total":174.46018719999998,"children":null},"AgentInfo.ToProto":{"count":748630,"self":5.1117995999999994,"total":58.2873764,"children":{"GenerateSensorData":{"count":748630,"self":53.1755776,"total":53.175576899999996,"children":null}}}},"gauges":{"TableTennis.CumulativeReward":{"count":748630,"max":11.5000019,"min":-4.840684,"runningAverage":1.30054379,"value":0.4000001,"weightedAverage":1.47482955}},"metadata":{"timer_format_version":"0.1.0","start_time_seconds":"1593195399","unity_version":"2019.3.13f1","command_line_arguments":"C:\\Program Files\\Unity\\Hub\\Editor\\2019.3.13f1\\Editor\\Unity.exe -projectpath C:\/Users\/Mitsuru\/Research\/unity\/Table_Tennis_3D -useHub -hubIPC -cloudEnvironment production -hubSessionId 074d3ac0-b249-11ea-bcdf-f59962b981af -accessToken A6GYa4pu1h_aUaYQbUEcJfpSd62tZvkMcwy4kHJ85yc00ef","communication_protocol_version":"1.0.0","com.unity.ml-agents_version":"1.0.2","scene_name":"ob10_ac1_hittinginfo_2D","end_time_seconds":"1593226397"}}