{"cameraMode":{"drawMode":0,"name":"Shaded","section":"Shading Mode"},"sceneLighting":true,"audioPlay":false,"sceneViewState":{"showFog":true,"showMaterialUpdate":false,"showSkybox":true,"showFlares":true,"showImageEffects":true,"showParticleSystems":true},"in2DMode":false,"pivot":{"x":38.509315490722659,"y":-5.864625930786133,"z":-13.54208755493164},"rotation":{"x":0.07104295492172241,"y":0.8650657534599304,"z":-0.12808860838413239,"w":0.4797995686531067},"size":16.562950134277345,"orthographic":false}