{"cameraMode":{"drawMode":0,"name":"Shaded","section":"Shading Mode"},"sceneLighting":true,"audioPlay":false,"sceneViewState":{"showFog":true,"showMaterialUpdate":false,"showSkybox":true,"showFlares":true,"showImageEffects":true,"showParticleSystems":true},"in2DMode":false,"pivot":{"x":24.22329330444336,"y":-16.140018463134767,"z":-6.366065979003906},"rotation":{"x":0.17590607702732087,"y":0.7548216581344605,"z":-0.22483748197555543,"w":0.590549886226654},"size":16.478126525878908,"orthographic":false}